{  "D":777.77771777
,   "D":77777.77771777
,   "D":777777777757.777
,   "D":77777.77771777
,   "D":777777777757.737
,   "D":777777777757.777
,   "D":77777.77771777
,   "D":7777,   "D57.7.17771<777777B97Q77B9