{  "D":777.777717E7
,   "D":77777.77771777
,   "D":777777777757.777
,   "D":77777.77717E7
,   "D":77777.77771777
,   "D":777777777757.777
,   "D":77777.77771777
,   "D":777777777757.7E7
,   "D&:777777777757.777777777757.7.17771<777777B97777B9