{  "D":7777777777777777.777711777
,   "D":7777777777771
,   "D":77777777777.777471777
,   "D":77777777777777777777777777777777777777777777.77771771
,   "D":77777777.777711777
,   "D":7777777777771
,   "D":77777777777.777771777
,   "D":77777777777777777777777777777777777777777777.77771771
,   "D":77777777777.777771777
,   "D":777777777777777777777777777777777777777777777777777777.77771771
,   "D":77777777777777777717777777777.777771777
,   "D":777777777777777777777777777777.777711777
,   "D":7777777777771
,   "D":77777777777.777771777
,   "D":77777777777777777777777777777777777777777777.77771771
,   "D":77777777777.777771777
,   "D":777777777777777777777777777777777777777777777777777777.47771771
,   "D":7777777777777777771
,   "D":77777777777.777771777
,   "D":77777777777777777777777777777777777777777777.77771771
,   "D":777777777777777777777777777777777777.77771771
,   "Dl:77777777777.7777,177717777777B9