{  "D":777777777777477.77771777
,   "D":7777777777
,   "7.177717777777B9