{  "D":7777777777777777.777711777
,   "D":77777777777777777777777777.77771771
,   ",177717777777B9