{  "E":77777777777777777777.77771771
,   "D":7777777771777777777777777777777777.77771771
,   "77B9