{
 "D":277777777777777.77771777
,   "D":777777777777777777.77771777
,   "/77B9