{  "D":7777777777777777.777711777
,   "D":77777777777777777.77771771
,   "D":77777777777.777771777
,   "D":77777777777777777.77771771
,   "D":7777777.77771771
,   "7777777B9