{
  "b[[[[[[[[[[[[[[[[[[[[[[[[[[C[ndef": null,
    "c": false,
    "int": -0,
    "list": -0,
    "l[[[[[[[[[[[[[[[[[[[[[[[[[[": false,
    "int": -0,
    "list": -777777777.777777777777777777777777777777777777777777777777777777777777,
    "c": false,
    "int": -0,
    "list": -0,
    "l[[[[[[[[[[[[[[[[[[[[[[[[[[": false,
    "int": -0,
    "list": -777777777.7777777777777777777777777777777777777777777777777777777777777777777777777777777777777777777777777777777777777777777777777777777777777777777777777777777777777,
    "c": false,
    "int": -0,
    "list": -0,
    "l[[[[[[[[[[[[[[[[H[[[[[[[[[[[[[[[[[[[[[[[[[[[[[[[[[[[[[[[[[[[[[[[[[[[[[[[[[[[[[[[[[[M[[[[[[[[q[[[[[[u[[[[[[[[[[[[[[[[[[[[[[[[[[[[[[[[[[[[[[[[[[[[[[[[[[[[[[[[[[[w[[[[[[[[[[[[[[[[[[[[[[[[[[[[[[[[[