{  "D":777777777777777.77771777
,   "D":77777777777777777.77771777
,   "D*:7777777777F.7777,177717777777B9